{
  "precision_weight": 0.5,
  "complexity_penalty": 0.2,
  "learning_rate": 0.02,
  "average_free_energy_by_state": {
    "breath_control": 0.2386606047641453,
    "mind_wandering": 0.25847974819884556,
    "meta_awareness": 0.26340972226670667,
    "redirect_breath": 0.24065119202445465
  },
  "average_prediction_error_by_state": {
    "breath_control": 0.03866060476414532,
    "mind_wandering": 0.05847974819884557,
    "meta_awareness": 0.06340972226670664,
    "redirect_breath": 0.04065119202445463
  },
  "average_precision_by_state": {
    "breath_control": 0.9194193918225794,
    "mind_wandering": 0.7496710862596283,
    "meta_awareness": 0.9351975447641272,
    "redirect_breath": 0.9498427058222894
  },
  "network_expectations": {
    "breath_control": {
      "DMN": 0.19345644346168714,
      "VAN": 0.49123859198977543,
      "DAN": 0.8359968711181616,
      "FPN": 0.7664280898785695
    },
    "mind_wandering": {
      "DMN": 0.6405804355733088,
      "VAN": 0.4780366322545373,
      "DAN": 0.354553273779207,
      "FPN": 0.5108275252540353
    },
    "meta_awareness": {
      "DMN": 0.3110138370403977,
      "VAN": 0.8045302214097163,
      "DAN": 0.5920009273271234,
      "FPN": 0.6184559072786582
    },
    "redirect_breath": {
      "DMN": 0.1555123593390303,
      "VAN": 0.5092625416641892,
      "DAN": 0.7999180788608357,
      "FPN": 0.7136899045245257
    }
  }
}