{
  "precision_weight": 0.4,
  "complexity_penalty": 0.4,
  "learning_rate": 0.01,
  "average_free_energy_by_state": {
    "breath_control": 0.4667534868323726,
    "mind_wandering": 0.4256826990659128,
    "meta_awareness": 0.5326146278914173,
    "redirect_breath": 0.5282413715851457
  },
  "average_prediction_error_by_state": {
    "breath_control": 0.06675348683237259,
    "mind_wandering": 0.025682699065912817,
    "meta_awareness": 0.13261462789141737,
    "redirect_breath": 0.1282413715851457
  },
  "average_precision_by_state": {
    "breath_control": 0.7802722112913455,
    "mind_wandering": 0.6284013472068593,
    "meta_awareness": 0.8367667970681526,
    "redirect_breath": 0.8258537039030553
  },
  "network_expectations": {
    "breath_control": {
      "DMN": 0.34623408897660796,
      "VAN": 0.41227382188901235,
      "DAN": 0.7119801418300187,
      "FPN": 0.5278991951371311
    },
    "mind_wandering": {
      "DMN": 0.8185957745018966,
      "VAN": 0.47032225543953216,
      "DAN": 0.2130534990561227,
      "FPN": 0.3730050824312334
    },
    "meta_awareness": {
      "DMN": 0.3556830606840578,
      "VAN": 0.7062885026366297,
      "DAN": 0.49472431620012997,
      "FPN": 0.4650234198923788
    },
    "redirect_breath": {
      "DMN": 0.30039205676738934,
      "VAN": 0.453290995095476,
      "DAN": 0.6590079422506735,
      "FPN": 0.5672112934378738
    }
  }
}