{
  "transition_counts": {
    "breath_control": {
      "mind_wandering": 2
    },
    "mind_wandering": {
      "meta_awareness": 2
    },
    "meta_awareness": {
      "redirect_breath": 2
    },
    "redirect_breath": {
      "breath_control": 2
    }
  },
  "transition_thresholds": {
    "mind_wandering": 0.6,
    "dmn_dan_ratio": 0.5,
    "meta_awareness": 0.4,
    "return_focus": 0.3
  },
  "natural_transitions": 5,
  "forced_transitions": 3,
  "transition_timestamps": [
    37
  ],
  "state_transition_patterns": [
    [
      "meta_awareness",
      "redirect_breath",
      {
        "breath_focus": 0.07974291275780417,
        "pain_discomfort": 0.12474174008668978,
        "pending_tasks": 0.05,
        "self_reflection": 1.0,
        "equanimity": 0.2422840803163674
      },
      {
        "DMN": 0.46009714534767476,
        "VAN": 0.85,
        "DAN": 0.527582599133102,
        "FPN": 0.7949242045588532
      },
      0.5265731223083439
    ]
  ],
  "distraction_buildup_rates": [
    0.0,
    0.007954545454545455,
    0.01590909090909091,
    0.023863636363636365,
    0.03181818181818182,
    0.03977272727272728,
    0.04772727272727273,
    0.055681818181818186,
    0.06363636363636364,
    0.0715909090909091,
    0.07954545454545456,
    0.08750000000000001,
    0.0,
    0.00875,
    0.0175,
    0.026250000000000002,
    0.0,
    0.005833333333333334,
    0.011666666666666667,
    0.0175,
    0.023333333333333334,
    0.029166666666666667,
    0.035,
    0.04083333333333334
  ],
  "average_activations_at_transition": {
    "breath_control": [
      0.8754633689137369,
      0.30109930824024,
      0.08193174935972752,
      0.4447069672335117,
      0.6410021219514593
    ],
    "mind_wandering": [
      0.05,
      0.8623474613427577,
      0.873583487512136,
      0.18836925580778513,
      0.13246506024431648
    ],
    "meta_awareness": [
      0.07974291275780417,
      0.12474174008668978,
      0.05,
      1.0,
      0.2422840803163674
    ],
    "redirect_breath": [
      0.8973336404981125,
      0.12395272061898657,
      0.05,
      0.2962609659418646,
      1.0
    ]
  },
  "average_network_activations_by_state": {
    "breath_control": {
      "DMN": 0.30968026730079173,
      "VAN": 0.49114099397943134,
      "DAN": 0.7846208164852891,
      "FPN": 0.7220914294673306
    },
    "mind_wandering": {
      "DMN": 0.7624664210117864,
      "VAN": 0.539689174541771,
      "DAN": 0.26734115322944013,
      "FPN": 0.4336132394413658
    },
    "meta_awareness": {
      "DMN": 0.46017950564748117,
      "VAN": 0.8467138946461292,
      "DAN": 0.4418324741914672,
      "FPN": 0.8040694836958101
    },
    "redirect_breath": {
      "DMN": 0.2699114706719349,
      "VAN": 0.4699317533743129,
      "DAN": 0.8116401894366169,
      "FPN": 0.9127378104944671
    }
  },
  "average_free_energy_by_state": {
    "breath_control": 0.4630145505344888,
    "mind_wandering": 0.43053741275275115,
    "meta_awareness": 0.5428495583872999,
    "redirect_breath": 0.5435862897267479
  }
}