{
  "transition_counts": {
    "breath_control": {
      "mind_wandering": 2
    },
    "mind_wandering": {
      "meta_awareness": 2
    },
    "meta_awareness": {
      "redirect_breath": 2
    },
    "redirect_breath": {
      "breath_control": 2
    }
  },
  "transition_thresholds": {
    "mind_wandering": 0.7,
    "dmn_dan_ratio": 0.6,
    "meta_awareness": 0.3,
    "return_focus": 0.25
  },
  "natural_transitions": 6,
  "forced_transitions": 2,
  "transition_timestamps": [
    37,
    41
  ],
  "state_transition_patterns": [
    [
      "mind_wandering",
      "meta_awareness",
      {
        "breath_focus": 0.05,
        "pain_discomfort": 0.5659347338523626,
        "pending_tasks": 0.46911785902189157,
        "self_reflection": 0.30742936162043233,
        "equanimity": 0.23293381044334627
      },
      {
        "DMN": 0.7942870669828925,
        "VAN": 0.45970985866698655,
        "DAN": 0.2453150246941952,
        "FPN": 0.45088920488907164
      },
      0.2300188236949228
    ],
    [
      "meta_awareness",
      "redirect_breath",
      {
        "breath_focus": 0.10368032421488596,
        "pain_discomfort": 0.11750947647919611,
        "pending_tasks": 0.05,
        "self_reflection": 1.0,
        "equanimity": 0.3247852384984123
      },
      {
        "DMN": 0.33150361413360896,
        "VAN": 0.85,
        "DAN": 0.5999052352080387,
        "FPN": 0.8075
      },
      0.24263594604516445
    ]
  ],
  "distraction_buildup_rates": [
    0.0,
    0.0016800000000000003,
    0.0033600000000000006,
    0.00504,
    0.006720000000000001,
    0.008400000000000001,
    0.01008,
    0.011760000000000001,
    0.013440000000000002,
    0.01512,
    0.016800000000000002,
    0.018480000000000003,
    0.02016,
    0.021840000000000002,
    0.023520000000000003,
    0.0252,
    0.026880000000000005,
    0.028560000000000006,
    0.03024,
    0.031920000000000004,
    0.033600000000000005,
    0.03528,
    0.03696000000000001,
    0.03864000000000001,
    0.04032,
    0.042,
    0.0,
    0.004200000000000001,
    0.008400000000000001,
    0.0126,
    0.0,
    0.00175,
    0.0035,
    0.00525
  ],
  "average_activations_at_transition": {
    "breath_control": [
      1.0,
      0.20242168035539998,
      0.05,
      0.5579981776637654,
      0.9964715438778022
    ],
    "mind_wandering": [
      0.05,
      0.5659347338523626,
      0.46911785902189157,
      0.30742936162043233,
      0.23293381044334627
    ],
    "meta_awareness": [
      0.10368032421488596,
      0.11750947647919611,
      0.05,
      1.0,
      0.3247852384984123
    ],
    "redirect_breath": [
      1.0,
      0.05700892280204259,
      0.05,
      0.3736716170376647,
      1.0
    ]
  },
  "average_network_activations_by_state": {
    "breath_control": {
      "DMN": 0.1895029949963936,
      "VAN": 0.586440842657595,
      "DAN": 0.8263695478862246,
      "FPN": 0.8352121475918318
    },
    "mind_wandering": {
      "DMN": 0.6521284514346938,
      "VAN": 0.44506997020031197,
      "DAN": 0.4303170720463798,
      "FPN": 0.4485770914034728
    },
    "meta_awareness": {
      "DMN": 0.4323429598574821,
      "VAN": 0.8449776704367257,
      "DAN": 0.5371462137120131,
      "FPN": 0.7960223090805544
    },
    "redirect_breath": {
      "DMN": 0.1918729200767203,
      "VAN": 0.5900948133982342,
      "DAN": 0.8049192257264387,
      "FPN": 0.8534614259713108
    }
  },
  "average_free_energy_by_state": {
    "breath_control": 0.25069198740444926,
    "mind_wandering": 0.2636385777186376,
    "meta_awareness": 0.2638619431659957,
    "redirect_breath": 0.23548890350574864
  }
}