{
  "transition_counts": {
    "breath_control": {
      "mind_wandering": 5
    },
    "mind_wandering": {
      "meta_awareness": 4
    },
    "meta_awareness": {
      "redirect_breath": 4
    },
    "redirect_breath": {
      "breath_control": 4
    }
  },
  "transition_thresholds": {
    "mind_wandering": 0.6,
    "dmn_dan_ratio": 0.5,
    "meta_awareness": 0.4,
    "return_focus": 0.3
  },
  "natural_transitions": 2,
  "forced_transitions": 15,
  "transition_timestamps": [
    37,
    134
  ],
  "state_transition_patterns": [
    [
      "meta_awareness",
      "redirect_breath",
      {
        "breath_focus": 0.07974939250220132,
        "pain_discomfort": 0.1247417383290931,
        "pending_tasks": 0.05,
        "self_reflection": 1.0,
        "equanimity": 0.24216439586613608
      },
      {
        "DMN": 0.4600647933726229,
        "VAN": 0.85,
        "DAN": 0.5275826167090688,
        "FPN": 0.7943351403836734
      },
      0.5262324074952944
    ],
    [
      "meta_awareness",
      "redirect_breath",
      {
        "breath_focus": 0.08453328653854071,
        "pain_discomfort": 0.1169925388133212,
        "pending_tasks": 0.05,
        "self_reflection": 1.0,
        "equanimity": 0.25274690454816107
      },
      {
        "DMN": 0.4066007920129203,
        "VAN": 0.8131087953176277,
        "DAN": 0.5497378048432296,
        "FPN": 0.7613995909762628
      },
      0.4900830637412674
    ]
  ],
  "distraction_buildup_rates": [
    0.0,
    0.007954545454545455,
    0.01590909090909091,
    0.023863636363636365,
    0.03181818181818182,
    0.03977272727272728,
    0.04772727272727273,
    0.055681818181818186,
    0.06363636363636364,
    0.0715909090909091,
    0.07954545454545456,
    0.08750000000000001,
    0.0,
    0.00875,
    0.0175,
    0.026250000000000002,
    0.0,
    0.005833333333333334,
    0.011666666666666667,
    0.0175,
    0.023333333333333334,
    0.029166666666666667,
    0.035,
    0.04083333333333334,
    0.04666666666666667,
    0.052500000000000005,
    0.058333333333333334,
    0.06416666666666666,
    0.07,
    0.07583333333333334,
    0.08166666666666668,
    0.08750000000000001,
    0.0,
    0.00875,
    0.0175,
    0.026250000000000002,
    0.0,
    0.00875,
    0.0175,
    0.026250000000000002,
    0.035,
    0.043750000000000004,
    0.052500000000000005,
    0.06125,
    0.07,
    0.07875000000000001,
    0.0,
    0.00875,
    0.0175,
    0.026250000000000002,
    0.035,
    0.043750000000000004,
    0.0,
    0.00875,
    0.0175,
    0.026250000000000002,
    0.035,
    0.043750000000000004,
    0.052500000000000005,
    0.0,
    0.00875,
    0.0175,
    0.026250000000000002,
    0.0,
    0.00875,
    0.0175,
    0.026250000000000002,
    0.035,
    0.043750000000000004
  ],
  "average_activations_at_transition": {
    "breath_control": [
      0.8851214155201566,
      0.18569693682679828,
      0.09795955866821025,
      0.4214947356993446,
      0.6322861824100868
    ],
    "mind_wandering": [
      0.05,
      0.763696823636307,
      0.8720046336419714,
      0.2054060248487804,
      0.14998521988892743
    ],
    "meta_awareness": [
      0.06607066976018551,
      0.13239255220655272,
      0.06152710611036519,
      1.0,
      0.22427218679832972
    ],
    "redirect_breath": [
      0.8867266789388899,
      0.11090390359466533,
      0.08765461811454278,
      0.45930055874683917,
      0.9899229795396297
    ]
  },
  "average_network_activations_by_state": {
    "breath_control": {
      "DMN": 0.3122726399906336,
      "VAN": 0.4990118712979737,
      "DAN": 0.7976849666108978,
      "FPN": 0.7346883560553714
    },
    "mind_wandering": {
      "DMN": 0.7425635205450173,
      "VAN": 0.5204887433771833,
      "DAN": 0.24512355970050972,
      "FPN": 0.4295062066978953
    },
    "meta_awareness": {
      "DMN": 0.47123735201768524,
      "VAN": 0.8340879476406524,
      "DAN": 0.38802086858064133,
      "FPN": 0.7704079154401822
    },
    "redirect_breath": {
      "DMN": 0.3072395783671038,
      "VAN": 0.512263362478373,
      "DAN": 0.8207901417412446,
      "FPN": 0.8766432578922683
    }
  },
  "average_free_energy_by_state": {
    "breath_control": 0.4667534868323726,
    "mind_wandering": 0.4256826990659128,
    "meta_awareness": 0.5326146278914173,
    "redirect_breath": 0.5282413715851457
  }
}